Milestone ID,Phase,Description,Start Date,Due Date,Progress %,Status,Owner,Dependencies,Badge Status
M1.1,Foundation,Core Architecture Design,2024-01-01,2024-01-15,100,✅ Complete,CTO,None,[ARCHITECTURE v1.0]
M1.2,Foundation,Cryptographic Primitives,2024-01-16,2024-02-15,80,🟡 In Progress,Lead Crypto,M1.1,[CRYPTO-LIB v0.8]
M1.3,Foundation,Basic ZK Circuit,2024-02-16,2024-03-15,40,🟡 In Progress,ZK Engineer,M1.2,[CIRCUITS v0.5]
M1.4,Foundation,Testing Framework,2024-03-16,2024-04-15,10,⚪ Not Started,QA Lead,M1.3,[TEST-SUITE v0.1]
M2.1,Core Engine,Aurora Engine Alpha,2024-04-16,2024-05-15,0,⚪ Not Started,Core Team,M1.4,[ENGINE-ALPHA]
M2.2,Core Engine,Quantum-Shield Integration,2024-05-16,2024-06-15,0,⚪ Not Started,PQC Team,M2.1,[QUANTUM-SHIELD]
M2.3,Core Engine,Parallel Prover System,2024-06-16,2024-07-15,0,⚪ Not Started,Prover Team,M2.2,[PARALLEL-PROVER]
M3.1,AI Integration,AI-Circuitry Framework,2024-07-16,2024-08-15,0,⚪ Not Started,AI Team,M2.3,[AI-CIRCUITRY]
M3.2,AI Integration,Circuit Optimization AI,2024-08-16,2024-09-15,0,⚪ Not Started,ML Team,M3.1,[AI-OPTIMIZER]
M3.3,AI Integration,Automated Proof Generation,2024-09-16,2024-10-15,0,⚪ Not Started,AI Team,M3.2,[AUTO-PROVER]
M4.1,Ecosystem,Cross-Chain Warp Protocol,2024-10-16,2024-11-15,0,⚪ Not Started,Blockchain Team,M3.3,[WARP-PROTOCOL]
M4.2,Ecosystem,Multi-Language SDKs,2024-11-16,2024-12-15,0,⚪ Not Started,DevRel Team,M4.1,[MULTI-SDK]
M4.3,Ecosystem,Compliance & Audit Suite,2024-12-16,2025-01-15,0,⚪ Not Started,Security Team,M4.2,[COMPLIANCE-SUITE]
